mysql> show tables;
+--------------------+
| Tables_in_mathursb |
+--------------------+
| Dish               |
| FoodOrder          |
| MenuItem           |
| Restaurant         |
+--------------------+
4 rows in set (0.00 sec)

mysql> desc Restaurant;
+----------------+----------+------+-----+---------+-------+
| Field          | Type     | Null | Key | Default | Extra |
+----------------+----------+------+-----+---------+-------+
| restaurantID   | int(11)  | NO   | PRI | NULL    |       |
| restaurantName | char(15) | NO   |     | NULL    |       |
| type           | char(15) | NO   |     | NULL    |       |
| city           | char(15) | NO   |     | NULL    |       |
+----------------+----------+------+-----+---------+-------+
4 rows in set (0.01 sec)

mysql> desc Dish;
+----------+----------------------+------+-----+---------+-------+
| Field    | Type                 | Null | Key | Default | Extra |
+----------+----------------------+------+-----+---------+-------+
| dishNo   | int(11)              | NO   | PRI | NULL    |       |
| dishName | char(25)             | NO   |     | NULL    |       |
| type     | enum('ap','en','ds') | NO   |     | NULL    |       |
+----------+----------------------+------+-----+---------+-------+
3 rows in set (0.00 sec)

mysql> desc FoodOrder;
+---------+---------+------+-----+---------+-------+
| Field   | Type    | Null | Key | Default | Extra |
+---------+---------+------+-----+---------+-------+
| orderNo | int(11) | NO   | PRI | NULL    |       |
| itemNo  | int(11) | YES  | MUL | NULL    |       |
| date    | date    | YES  |     | NULL    |       |
| time    | time    | YES  |     | NULL    |       |
+---------+---------+------+-----+---------+-------+
4 rows in set (0.00 sec)

mysql> desc MenuItem;
+--------------+--------------+------+-----+---------+-------+
| Field        | Type         | Null | Key | Default | Extra |
+--------------+--------------+------+-----+---------+-------+
| itemNo       | int(11)      | NO   | PRI | NULL    |       |
| restaurantNo | int(11)      | YES  | MUL | NULL    |       |
| dishNo       | int(11)      | YES  | MUL | NULL    |       |
| price        | decimal(4,2) | YES  |     | NULL    |       |
+--------------+--------------+------+-----+---------+-------+
4 rows in set (0.00 sec)

mysql> show create table Dish;
+-------+--------------------------------------------------------------------------------------------------------------------------------------------------------------------------------------------+
| Table | Create Table                                                                                                                                                                               |
+-------+--------------------------------------------------------------------------------------------------------------------------------------------------------------------------------------------+
| Dish  | CREATE TABLE `Dish` (
  `dishNo` int(11) NOT NULL,
  `dishName` char(25) NOT NULL,
  `type` enum('ap','en','ds') NOT NULL,
  PRIMARY KEY (`dishNo`)
) ENGINE=InnoDB DEFAULT CHARSET=latin1 |
+-------+--------------------------------------------------------------------------------------------------------------------------------------------------------------------------------------------+
1 row in set (0.00 sec)

mysql> show create table FoodOrder;
+-----------+----------------------------------------------------------------------------------------------------------------------------------------------------------------------------------------------------------------------------------------------------------------------------------------------------------------------------------------+
| Table     | Create Table                                                                                                                                                                                                                                                                                                                           |
+-----------+----------------------------------------------------------------------------------------------------------------------------------------------------------------------------------------------------------------------------------------------------------------------------------------------------------------------------------------+
| FoodOrder | CREATE TABLE `FoodOrder` (
  `orderNo` int(11) NOT NULL,
  `itemNo` int(11) DEFAULT NULL,
  `date` date DEFAULT NULL,
  `time` time DEFAULT NULL,
  PRIMARY KEY (`orderNo`),
  KEY `itemNo` (`itemNo`),
  CONSTRAINT `FoodOrder_ibfk_1` FOREIGN KEY (`itemNo`) REFERENCES `MenuItem` (`itemNo`)
) ENGINE=InnoDB DEFAULT CHARSET=latin1 |
+-----------+----------------------------------------------------------------------------------------------------------------------------------------------------------------------------------------------------------------------------------------------------------------------------------------------------------------------------------------+
1 row in set (0.00 sec)

mysql> show create table MenuItem;
+----------+-------------------------------------------------------------------------------------------------------------------------------------------------------------------------------------------------------------------------------------------------------------------------------------------------------------------------------------------------------------------------------------------------------------------------------------------------------------------------------------------------+
| Table    | Create Table                                                                                                                                                                                                                                                                                                                                                                                                                                                                                    |
+----------+-------------------------------------------------------------------------------------------------------------------------------------------------------------------------------------------------------------------------------------------------------------------------------------------------------------------------------------------------------------------------------------------------------------------------------------------------------------------------------------------------+
| MenuItem | CREATE TABLE `MenuItem` (
  `itemNo` int(11) NOT NULL,
  `restaurantNo` int(11) DEFAULT NULL,
  `dishNo` int(11) DEFAULT NULL,
  `price` decimal(4,2) DEFAULT NULL,
  PRIMARY KEY (`itemNo`),
  KEY `restaurantNo` (`restaurantNo`),
  KEY `dishNo` (`dishNo`),
  CONSTRAINT `MenuItem_ibfk_1` FOREIGN KEY (`restaurantNo`) REFERENCES `Restaurant` (`restaurantID`),
  CONSTRAINT `MenuItem_ibfk_2` FOREIGN KEY (`dishNo`) REFERENCES `Dish` (`dishNo`)
) ENGINE=InnoDB DEFAULT CHARSET=latin1 |
+----------+-------------------------------------------------------------------------------------------------------------------------------------------------------------------------------------------------------------------------------------------------------------------------------------------------------------------------------------------------------------------------------------------------------------------------------------------------------------------------------------------------+
1 row in set (0.00 sec)

mysql> show create table Restaurant;
+------------+------------------------------------------------------------------------------------------------------------------------------------------------------------------------------------------------------------------------------------+
| Table      | Create Table                                                                                                                                                                                                                       |
+------------+------------------------------------------------------------------------------------------------------------------------------------------------------------------------------------------------------------------------------------+
| Restaurant | CREATE TABLE `Restaurant` (
  `restaurantID` int(11) NOT NULL,
  `restaurantName` char(15) NOT NULL,
  `type` char(15) NOT NULL,
  `city` char(15) NOT NULL,
  PRIMARY KEY (`restaurantID`)
) ENGINE=InnoDB DEFAULT CHARSET=latin1 |
+------------+------------------------------------------------------------------------------------------------------------------------------------------------------------------------------------------------------------------------------------+
1 row in set (0.00 sec)

mysql> SELECT COLUMN_NAME, CONSTRAINT_NAME, REFERENCED_COLUMN_NAME, REFERENCED_TABLE_NAME
    -> FROM INFORMATION_SCHEMA.KEY_COLUMN_USAGE
    -> WHERE REFERENCED_COLUMN_NAME IS NOT NULL AND CONSTRAINT_SCHEMA = 'mathursb';
+--------------+------------------+------------------------+-----------------------+
| COLUMN_NAME  | CONSTRAINT_NAME  | REFERENCED_COLUMN_NAME | REFERENCED_TABLE_NAME |
+--------------+------------------+------------------------+-----------------------+
| itemNo       | FoodOrder_ibfk_1 | itemNo                 | MenuItem              |
| restaurantNo | MenuItem_ibfk_1  | restaurantID           | Restaurant            |
| dishNo       | MenuItem_ibfk_2  | dishNo                 | Dish                  |
+--------------+------------------+------------------------+-----------------------+
3 rows in set (0.02 sec)

mysql> select* from Dish;
+--------+----------------------+------+
| dishNo | dishName             | type |
+--------+----------------------+------+
|      7 | Cheese Pizza         | en   |
|     10 | Custard              | ds   |
|     12 | Garlic Bread         | ap   |
|     13 | Spring Rolls         | ap   |
|     15 | Pad Thai             | en   |
|     16 | Pot Stickers         | ap   |
|     19 | Pepperoni Pizza      | en   |
|     22 | Masaman Curry        | en   |
|     44 | Salad                | ap   |
|     77 | Veggie Supreme Pizza | en   |
+--------+----------------------+------+
10 rows in set (0.00 sec)

mysql> select* from FoodOrder;
+---------+--------+------------+----------+
| orderNo | itemNo | date       | time     |
+---------+--------+------------+----------+
|       0 |      2 | 2024-03-01 | 10:30:00 |
|       1 |      0 | 2024-03-02 | 15:33:00 |
|       2 |      3 | 2024-03-01 | 15:35:00 |
|       3 |      5 | 2024-03-03 | 21:00:00 |
|       4 |      7 | 2024-03-01 | 18:11:00 |
|       5 |      7 | 2024-03-04 | 18:51:00 |
|       6 |      9 | 2024-03-01 | 19:00:00 |
|       7 |     11 | 2024-03-05 | 17:15:00 |
|       8 |     11 | 2024-04-01 | 12:10:00 |
+---------+--------+------------+----------+
9 rows in set (0.00 sec)

mysql> select* from MenuItem;
+--------+--------------+--------+-------+
| itemNo | restaurantNo | dishNo | price |
+--------+--------------+--------+-------+
|      0 |            0 |     13 |  8.00 |
|      1 |            0 |     16 |  9.00 |
|      2 |            0 |     44 | 10.00 |
|      3 |            0 |     15 | 19.00 |
|      4 |            0 |     22 | 19.00 |
|      5 |            3 |     44 |  6.25 |
|      6 |            3 |     12 |  5.50 |
|      7 |            3 |      7 | 12.50 |
|      8 |            3 |     19 | 13.50 |
|      9 |            5 |     13 |  6.00 |
|     10 |            5 |     15 | 15.00 |
|     11 |            5 |     22 | 14.00 |
+--------+--------------+--------+-------+
12 rows in set (0.00 sec)

mysql> select* from Restaurant;
+--------------+----------------+-------+--------------+
| restaurantID | restaurantName | type  | city         |
+--------------+----------------+-------+--------------+
|            0 | Tasty Thai     | Asian | Dallas       |
|            3 | Eureka Pizza   | Pizza | Fayetteville |
|            5 | Tasty Thai     | Asian | Las Vegas    |
+--------------+----------------+-------+--------------+
3 rows in set (0.00 sec)

mysql> select restaurantName, city
    -> from Restaurant, Dish, MenuItem
    -> where dishName = 'Salad' AND Dish.dishNo = MenuItem.dishNo AND restaurantID = restaurantNo;
+----------------+--------------+
| restaurantName | city         |
+----------------+--------------+
| Tasty Thai     | Dallas       |
| Eureka Pizza   | Fayetteville |
+----------------+--------------+
2 rows in set (0.01 sec)

mysql> select dishName, restaurantName, city, price
    -> from Dish, MenuItem, Restaurant
    -> where Restaurant.type = 'Asian' AND Dish.dishNo = MenuItem.dishNo AND restaurantID = restaurantNo
    -> order by price; 
+---------------+----------------+-----------+-------+
| dishName      | restaurantName | city      | price |
+---------------+----------------+-----------+-------+
| Spring Rolls  | Tasty Thai     | Las Vegas |  6.00 |
| Spring Rolls  | Tasty Thai     | Dallas    |  8.00 |
| Pot Stickers  | Tasty Thai     | Dallas    |  9.00 |
| Salad         | Tasty Thai     | Dallas    | 10.00 |
| Masaman Curry | Tasty Thai     | Las Vegas | 14.00 |
| Pad Thai      | Tasty Thai     | Las Vegas | 15.00 |
| Masaman Curry | Tasty Thai     | Dallas    | 19.00 |
| Pad Thai      | Tasty Thai     | Dallas    | 19.00 |
+---------------+----------------+-----------+-------+
8 rows in set (0.01 sec)

mysql> select Count(itemNo) as totalItems, Avg(price) as averagePrice, restaurantID, restaurantName
    -> from MenuItem, Restaurant
    -> where restaurantNo = restaurantID
    -> group by restaurantID;
+------------+--------------+--------------+----------------+
| totalItems | averagePrice | restaurantID | restaurantName |
+------------+--------------+--------------+----------------+
|          5 |    13.000000 |            0 | Tasty Thai     |
|          4 |     9.437500 |            3 | Eureka Pizza   |
|          3 |    11.666667 |            5 | Tasty Thai     |
+------------+--------------+--------------+----------------+
3 rows in set (0.00 sec)

mysql> select Count(orderNo) as numOrders, avg(price) baseAvg, sum(price) as baseTotal, sum(price) * 1.1 as taxTotal
    -> from FoodOrder, MenuItem
    -> where FoodOrder.itemNo = MenuItem.itemNo
    -> and MenuItem.restaurantNo = 3;
+-----------+-----------+-----------+----------+
| numOrders | baseAvg   | baseTotal | taxTotal |
+-----------+-----------+-----------+----------+
|         3 | 10.416667 |     31.25 |   34.375 |
+-----------+-----------+-----------+----------+
1 row in set (0.00 sec)

mysql> select Count(orderNo) as numOrders, avg(price) as baseAvg, sum(price) as baseTotal, sum(price) * 1.1 as taxxedTotal
    -> from FoodOrder, MenuItem
    -> where FoodOrder.itemNo = MenuItem.itemNo
    -> and FoodOrder.date >= '2024-03-01'
    -> and FoodOrder.date < '2024-04-01';
+-----------+-----------+-----------+-------------+
| numOrders | baseAvg   | baseTotal | taxxedTotal |
+-----------+-----------+-----------+-------------+
|         8 | 11.031250 |     88.25 |      97.075 |
+-----------+-----------+-----------+-------------+
1 row in set (0.00 sec)

mysql> notee
